﻿<?xml version="1.0" encoding="utf-8" ?>
<Advertisements>

  <Ad>

    <ImageUrl>~/FlowerImages/crocus-thumb.jpg</ImageUrl>

    <NavigateUrl>http://www.Deccansoft.com</NavigateUrl>

    <AlternateText>Advertisement</AlternateText>

    <Impressions>100</Impressions>

    <Keyword>Header</Keyword>

    <Category>Script</Category>

  </Ad>

  <Ad>

    <ImageUrl>~/FlowerImages/erica-carnea-thumb.jpg</ImageUrl>

    <NavigateUrl>http://www.Deccansoft.com</NavigateUrl>

    <AlternateText>Advertisement</AlternateText>

    <Impressions>100</Impressions>

    <Keyword>Header</Keyword>

    <Category>Script</Category>

  </Ad>

  <Ad>

    <ImageUrl>~/FlowerImages/violet-phlox-thumb.jpg</ImageUrl>

    <NavigateUrl>http://www.bestdotnettraining.com</NavigateUrl>

    <AlternateText>Advertisement</AlternateText>

    <Impressions>100</Impressions>

    <Keyword>Header</Keyword>

    <Category>Script</Category>

  </Ad>

  <Ad>

    <ImageUrl>~/FlowerImages/peony-thumb.jpg</ImageUrl>

    <NavigateUrl>http://www.bestdotnettraining.com</NavigateUrl>

    <AlternateText>Advertisement</AlternateText>

    <Impressions>100</Impressions>

    <Keyword>Header</Keyword>

    <Category>Script</Category>

  </Ad>

  <Ad>

    <ImageUrl>~/FlowerImages/daisy-thumb.jpg</ImageUrl>

    <NavigateUrl>http://www.Deccansoft.com</NavigateUrl>

    <AlternateText>Advertisement</AlternateText>

    <Impressions>100</Impressions>

    <Keyword>Header</Keyword>

    <Category>Script</Category>

  </Ad>

</Advertisements>
